"Source:","C:\Users\marco\Documents\FACULTAD\SISTEMAS\TRABAJO PRACTICO 2\KICAD PROYECT\TPS54331\TPS54331\TPS54331.sch"
"Date:","08/08/2019 14:55:22"
"Tool:","Eeschema (5.1.0)-1"
"Generator:","C:\Program Files\KiCad\bin\scripting\plugins/bom_csv_grouped_by_value.py"
"Component Count:","32"

"Individual Components:"

"Item","Qty","Reference(s)","Value","LibPart","Footprint","Datasheet","DIGIKEY P/N","MANUFACTURER","MANUFACTURER P/N"
"","","C1","10uF 35V","Device:CP","Capacitor_SMD:CP_Elec_6.3x5.4","http://www.samsungsem.com/kr/support/product-search/mlcc/CL31A106MBHNNNE.jsp","1276-6736-2-ND","Panasonic Electronic Components","CL31A106MBHNNNE"
"","","C2","0,01uF 50V","Device:C","Capacitor_SMD:C_0805_2012Metric","https://www.murata.com/~/media/webrenewal/support/library/catalog/products/capacitor/mlcc/c02e.ashx?la=en-us","490-8297-1-ND","","GRM2195C1H113JA01D"
"","","C3","0,01uF 50V","Device:C","Capacitor_SMD:C_0805_2012Metric","https://www.murata.com/~/media/webrenewal/support/library/catalog/products/capacitor/mlcc/c02e.ashx?la=en-us","490-8297-1-ND","","GRM2195C1H113JA01D"
"","","C4","0,1uF","Device:C","Capacitor_SMD:C_0805_2012Metric","http://www.samsungsem.com/kr/support/product-search/mlcc/__icsFiles/afieldfile/2019/05/10/19-CL03A104KQ3NNNC.pdf","1276-1013-1-ND","","CL03A104KQ3NNNC"
"","","C5","1000pF 35V","Device:C","Capacitor_SMD:C_0805_2012Metric","https://api.kemet.com/component-edge/download/datasheet/C0402C105K9PACTU.pdf","399-4873-1-ND","","C0402C105K9PACTU"
"","","C6","47pF 35V","Device:C","Capacitor_SMD:C_0805_2012Metric","http://www.yageo.com/documents/recent/UPY-GP_NP0_16V-to-50V_16.pdf","311-1021-1-ND","","CC0402JRNPO9BN470"
"","","C7","100uF 25V","Device:CP","Capacitor_Tantalum_SMD:CP_EIA-7343-43_Kemet-X","https://api.kemet.com/component-edge/download/datasheet/T491X107M025AT.pdf","399-9749-1-ND","KEMET","T491X107M025AT"
"","","D1","B340A","Device:D_Schottky_ALT","Diode_SMD:D_SMC","https://www.diodes.com/assets/Datasheets/ds30923.pdf","B340-FDICT-ND","Diodes Incorporated","B340-13-F"
"","","D2","B340A","Device:D_Schottky_ALT","Diode_SMD:D_SMC","https://www.diodes.com/assets/Datasheets/ds30923.pdf","B340-FDICT-ND","Diodes Incorporated","B340-13-F"
"","","D3","B340A","Device:D_Schottky_ALT","Diode_SMD:D_SMC","https://www.diodes.com/assets/Datasheets/ds30923.pdf","B340-FDICT-ND","Diodes Incorporated","B340-13-F"
"","","D4","LED_ALT","Device:LED_ALT","LED_SMD:LED_0805_2012Metric","https://www.cree.com/led-components/media/documents/ds-XQE.pdf","XQEGRN-00-0000-000000C01CT-ND","","XQEGRN-00-0000-000000C01"
"","","D5","LED_ALT","Device:LED_ALT","LED_SMD:LED_0805_2012Metric","https://www.cree.com/led-components/media/documents/ds-XQE.pdf","XQEGRN-00-0000-000000C01CT-ND","","XQEGRN-00-0000-000000C01"
"","","H1","MountingHole_Pad","Mechanical:MountingHole_Pad","TPS54331:MountingHole_3.2mm_M3_Pad_Via","N/A","N/A","","N/A"
"","","H2","MountingHole_Pad","Mechanical:MountingHole_Pad","TPS54331:MountingHole_3.2mm_M3_Pad_Via","N/A","N/A","","N/A"
"","","H3","MountingHole_Pad","Mechanical:MountingHole_Pad","TPS54331:MountingHole_3.2mm_M3_Pad_Via","N/A","N/A","","N/A"
"","","H4","MountingHole_Pad","Mechanical:MountingHole_Pad","TPS54331:MountingHole_3.2mm_M3_Pad_Via","N/A","N/A","","N/A"
"","","J1","Barrel_Jack_Switch","Connector:Barrel_Jack_Switch","TPS54331:Cui_PJ-002A","https://www.cui.com/product/resource/digikeypdf/pj-002a.pdf","CP-002A-ND","CUI Inc.","PJ-002A"
"","","J2","Conn_02x12_Top_Bottom","Connector_Generic:Conn_02x12_Top_Bottom","TPS54331:Molex_0039281243","https://www.molex.com/pdm_docs/sd/874272402_sd.pdf","WM4449-ND","","0874272402"
"","","J3","Screw_Terminal_01x03","Connector:Screw_Terminal_01x03","TPS54331:TerminalBlock_bornier-3_P5.08mm","https://www.on-shore.com/wp-content/uploads/OSTTAXX4163.pdf","ED2581-ND","","OSTTA034163"
"","","J4","Screw_Terminal_01x02","Connector:Screw_Terminal_01x02","TPS54331:TerminalBlock_bornier-2_P5.08mm","https://www.on-shore.com/wp-content/uploads/OSTTAXX4163.pdf","ED2580-ND","","OSTTA024163"
"","","J5","Screw_Terminal_01x03","Connector:Screw_Terminal_01x03","TPS54331:TerminalBlock_bornier-3_P5.08mm","https://www.on-shore.com/wp-content/uploads/OSTTAXX4163.pdf","ED2581-ND","","OSTTA034163"
"","","J6","Screw_Terminal_01x02","Connector:Screw_Terminal_01x02","TPS54331:TerminalBlock_bornier-2_P5.08mm","https://www.on-shore.com/wp-content/uploads/OSTTAXX4163.pdf","ED2580-ND","","OSTTA024163"
"","","L1","15uH","Device:L","TPS54331:Bourns_SRR1260","https://www.bourns.com/docs/Product-Datasheets/SRR1260.pdf","SRR1260-150MCT-ND","Bourns Inc.","SRR1260-150M"
"","","R1","100K","Device:R","Resistor_SMD:R_0805_2012Metric","https://industrial.panasonic.com/cdbs/www-data/pdf/RDM0000/AOA0000C307.pdf","P100KDBCT-ND","","ERA-3AEB104V"
"","","R2","22K","Device:R","Resistor_SMD:R_0805_2012Metric","https://industrial.panasonic.com/cdbs/www-data/pdf/RDM0000/AOA0000C307.pdf","P22KDBCT-ND","","ERA-3AEB223V"
"","","R3","29.4K","Device:R","Resistor_SMD:R_0805_2012Metric","https://industrial.panasonic.com/cdbs/www-data/pdf/RDM0000/AOA0000C307.pdf","P29.4KDBCT-ND","","ERA-3AEB2942V"
"","","R4","10K","Device:R","Resistor_SMD:R_0805_2012Metric","https://www.ttelectronics.com/TTElectronics/media/ProductFiles/Potentiometers/Datasheets/P090x.pdf","987-1277-ND","","P090S-14T20BR10K"
"","","R5","150k","Device:R","Resistor_SMD:R_0805_2012Metric","https://industrial.panasonic.com/cdbs/www-data/pdf/RDM0000/AOA0000C307.pdf","P150DCCT-ND","","ERA-2AEB151X"
"","","R6","150k","Device:R","Resistor_SMD:R_0805_2012Metric","https://industrial.panasonic.com/cdbs/www-data/pdf/RDM0000/AOA0000C307.pdf","P150DCCT-ND","","ERA-2AEB151X"
"","","Rfb1","10K","Device:R_POT","TPS54331:P160KN","https://www.ttelectronics.com/TTElectronics/media/ProductFiles/Potentiometers/Datasheets/P160.pdf","987-1659-ND","TT Electronics/BI","P160KNP-0QC20B100K"
"","","SW1","SW_DPDT_x2","Switch:SW_DPDT_x2","TPS54331:TL2203","https://www.e-switch.com/system/asset/product_line/data_sheet/65/TL2201.pdf","EG6031-ND","","TL2230EEF140"
"","","U1","TPS54331","lib:TPS54331","TPS54331:SOIC-8-1EP_3.9x4.9mm_P1.27mm_EP2.29x3mm","http://www.ti.com/general/docs/suppproductinfo.tsp?distId=10&gotoUrl=http%3A%2F%2Fwww.ti.com%2Flit%2Fgpn%2Ftps54331","296-26991-1-ND","","TPS54331DR"



"Collated Components:"

"Item","Qty","Reference(s)","Value","LibPart","Footprint","Datasheet","DIGIKEY P/N","MANUFACTURER","MANUFACTURER P/N"
"1","1","C1","10uF 35V","Device:CP","Capacitor_SMD:CP_Elec_6.3x5.4","http://www.samsungsem.com/kr/support/product-search/mlcc/CL31A106MBHNNNE.jsp","1276-6736-2-ND","Panasonic Electronic Components","CL31A106MBHNNNE"
"2","2","C2, C3","0,01uF 50V","Device:C","Capacitor_SMD:C_0805_2012Metric","https://www.murata.com/~/media/webrenewal/support/library/catalog/products/capacitor/mlcc/c02e.ashx?la=en-us","490-8297-1-ND","","GRM2195C1H113JA01D"
"3","1","C4","0,1uF","Device:C","Capacitor_SMD:C_0805_2012Metric","http://www.samsungsem.com/kr/support/product-search/mlcc/__icsFiles/afieldfile/2019/05/10/19-CL03A104KQ3NNNC.pdf","1276-1013-1-ND","","CL03A104KQ3NNNC"
"4","1","C5","1000pF 35V","Device:C","Capacitor_SMD:C_0805_2012Metric","https://api.kemet.com/component-edge/download/datasheet/C0402C105K9PACTU.pdf","399-4873-1-ND","","C0402C105K9PACTU"
"5","1","C6","47pF 35V","Device:C","Capacitor_SMD:C_0805_2012Metric","http://www.yageo.com/documents/recent/UPY-GP_NP0_16V-to-50V_16.pdf","311-1021-1-ND","","CC0402JRNPO9BN470"
"6","1","C7","100uF 25V","Device:CP","Capacitor_Tantalum_SMD:CP_EIA-7343-43_Kemet-X","https://api.kemet.com/component-edge/download/datasheet/T491X107M025AT.pdf","399-9749-1-ND","KEMET","T491X107M025AT"
"7","3","D1, D2, D3","B340A","Device:D_Schottky_ALT","Diode_SMD:D_SMC","https://www.diodes.com/assets/Datasheets/ds30923.pdf","B340-FDICT-ND","Diodes Incorporated","B340-13-F"
"8","2","D4, D5","LED_ALT","Device:LED_ALT","LED_SMD:LED_0805_2012Metric","https://www.cree.com/led-components/media/documents/ds-XQE.pdf","XQEGRN-00-0000-000000C01CT-ND","","XQEGRN-00-0000-000000C01"
"9","4","H1, H2, H3, H4","MountingHole_Pad","Mechanical:MountingHole_Pad","TPS54331:MountingHole_3.2mm_M3_Pad_Via","N/A","N/A","","N/A"
"10","1","J1","Barrel_Jack_Switch","Connector:Barrel_Jack_Switch","TPS54331:Cui_PJ-002A","https://www.cui.com/product/resource/digikeypdf/pj-002a.pdf","CP-002A-ND","CUI Inc.","PJ-002A"
"11","1","J2","Conn_02x12_Top_Bottom","Connector_Generic:Conn_02x12_Top_Bottom","TPS54331:Molex_0039281243","https://www.molex.com/pdm_docs/sd/874272402_sd.pdf","WM4449-ND","","0874272402"
"12","2","J3, J5","Screw_Terminal_01x03","Connector:Screw_Terminal_01x03","TPS54331:TerminalBlock_bornier-3_P5.08mm","https://www.on-shore.com/wp-content/uploads/OSTTAXX4163.pdf","ED2581-ND","","OSTTA034163"
"13","2","J4, J6","Screw_Terminal_01x02","Connector:Screw_Terminal_01x02","TPS54331:TerminalBlock_bornier-2_P5.08mm","https://www.on-shore.com/wp-content/uploads/OSTTAXX4163.pdf","ED2580-ND","","OSTTA024163"
"14","1","L1","15uH","Device:L","TPS54331:Bourns_SRR1260","https://www.bourns.com/docs/Product-Datasheets/SRR1260.pdf","SRR1260-150MCT-ND","Bourns Inc.","SRR1260-150M"
"15","1","R1","100K","Device:R","Resistor_SMD:R_0805_2012Metric","https://industrial.panasonic.com/cdbs/www-data/pdf/RDM0000/AOA0000C307.pdf","P100KDBCT-ND","","ERA-3AEB104V"
"16","1","R2","22K","Device:R","Resistor_SMD:R_0805_2012Metric","https://industrial.panasonic.com/cdbs/www-data/pdf/RDM0000/AOA0000C307.pdf","P22KDBCT-ND","","ERA-3AEB223V"
"17","1","R3","29.4K","Device:R","Resistor_SMD:R_0805_2012Metric","https://industrial.panasonic.com/cdbs/www-data/pdf/RDM0000/AOA0000C307.pdf","P29.4KDBCT-ND","","ERA-3AEB2942V"
"18","1","R4","10K","Device:R","Resistor_SMD:R_0805_2012Metric","https://www.ttelectronics.com/TTElectronics/media/ProductFiles/Potentiometers/Datasheets/P090x.pdf","987-1277-ND","","P090S-14T20BR10K"
"19","2","R5, R6","150k","Device:R","Resistor_SMD:R_0805_2012Metric","https://industrial.panasonic.com/cdbs/www-data/pdf/RDM0000/AOA0000C307.pdf","P150DCCT-ND","","ERA-2AEB151X"
"20","1","Rfb1","10K","Device:R_POT","TPS54331:P160KN","https://www.ttelectronics.com/TTElectronics/media/ProductFiles/Potentiometers/Datasheets/P160.pdf","987-1659-ND","TT Electronics/BI","P160KNP-0QC20B100K"
"21","1","SW1","SW_DPDT_x2","Switch:SW_DPDT_x2","TPS54331:TL2203","https://www.e-switch.com/system/asset/product_line/data_sheet/65/TL2201.pdf","EG6031-ND","","TL2230EEF140"
"22","1","U1","TPS54331","lib:TPS54331","TPS54331:SOIC-8-1EP_3.9x4.9mm_P1.27mm_EP2.29x3mm","http://www.ti.com/general/docs/suppproductinfo.tsp?distId=10&gotoUrl=http%3A%2F%2Fwww.ti.com%2Flit%2Fgpn%2Ftps54331","296-26991-1-ND","","TPS54331DR"
