<?xml version="1.0" encoding="UTF-8"?>
<export version="D">
  <design>
    <source>C:\Users\marco\Documents\FACULTAD\SISTEMAS\TRABAJO PRACTICO 2\KICAD PROYECT\TPS54331\TPS54331\TPS54331.sch</source>
    <date>08/08/2019 14:55:22</date>
    <tool>Eeschema (5.1.0)-1</tool>
    <sheet number="1" name="/" tstamps="/">
      <title_block>
        <title/>
        <company/>
        <rev/>
        <date/>
        <source>TPS54331.sch</source>
        <comment number="1" value=""/>
        <comment number="2" value=""/>
        <comment number="3" value=""/>
        <comment number="4" value=""/>
      </title_block>
    </sheet>
  </design>
  <components>
    <comp ref="U1">
      <value>TPS54331</value>
      <footprint>TPS54331:SOIC-8-1EP_3.9x4.9mm_P1.27mm_EP2.29x3mm</footprint>
      <datasheet>http://www.ti.com/general/docs/suppproductinfo.tsp?distId=10&amp;gotoUrl=http%3A%2F%2Fwww.ti.com%2Flit%2Fgpn%2Ftps54331</datasheet>
      <fields>
        <field name="DIGIKEY P/N">296-26991-1-ND</field>
        <field name="MANUFACTURER P/N">TPS54331DR</field>
      </fields>
      <libsource lib="lib" part="TPS54331" description="TPS54331 3-A, 28-V Input, Step Down DC-DC Converter With Eco-mode™"/>
      <sheetpath names="/" tstamps="/"/>
      <tstamp>5CEE2AA0</tstamp>
    </comp>
    <comp ref="C1">
      <value>10uF 35V</value>
      <footprint>Capacitor_SMD:CP_Elec_6.3x5.4</footprint>
      <datasheet>http://www.samsungsem.com/kr/support/product-search/mlcc/CL31A106MBHNNNE.jsp</datasheet>
      <fields>
        <field name="DIGIKEY P/N">1276-6736-2-ND</field>
        <field name="MANUFACTURER">Panasonic Electronic Components</field>
        <field name="MANUFACTURER P/N">CL31A106MBHNNNE</field>
      </fields>
      <libsource lib="Device" part="CP" description="Polarized capacitor"/>
      <sheetpath names="/" tstamps="/"/>
      <tstamp>5CEE39FC</tstamp>
    </comp>
    <comp ref="C2">
      <value>0,01uF 50V</value>
      <footprint>Capacitor_SMD:C_0805_2012Metric</footprint>
      <datasheet>https://www.murata.com/~/media/webrenewal/support/library/catalog/products/capacitor/mlcc/c02e.ashx?la=en-us</datasheet>
      <fields>
        <field name="DIGIKEY P/N">490-8297-1-ND</field>
        <field name="MANUFACTURER P/N">GRM2195C1H113JA01D</field>
      </fields>
      <libsource lib="Device" part="C" description="Unpolarized capacitor"/>
      <sheetpath names="/" tstamps="/"/>
      <tstamp>5CEE4FA7</tstamp>
    </comp>
    <comp ref="R1">
      <value>100K</value>
      <footprint>Resistor_SMD:R_0805_2012Metric</footprint>
      <datasheet>https://industrial.panasonic.com/cdbs/www-data/pdf/RDM0000/AOA0000C307.pdf</datasheet>
      <fields>
        <field name="DIGIKEY P/N">P100KDBCT-ND</field>
        <field name="MANUFACTURER P/N">ERA-3AEB104V</field>
      </fields>
      <libsource lib="Device" part="R" description="Resistor"/>
      <sheetpath names="/" tstamps="/"/>
      <tstamp>5CEE540F</tstamp>
    </comp>
    <comp ref="R2">
      <value>22K</value>
      <footprint>Resistor_SMD:R_0805_2012Metric</footprint>
      <datasheet>https://industrial.panasonic.com/cdbs/www-data/pdf/RDM0000/AOA0000C307.pdf</datasheet>
      <fields>
        <field name="DIGIKEY P/N">P22KDBCT-ND</field>
        <field name="MANUFACTURER P/N">ERA-3AEB223V</field>
      </fields>
      <libsource lib="Device" part="R" description="Resistor"/>
      <sheetpath names="/" tstamps="/"/>
      <tstamp>5CEE5595</tstamp>
    </comp>
    <comp ref="C3">
      <value>0,01uF 50V</value>
      <footprint>Capacitor_SMD:C_0805_2012Metric</footprint>
      <datasheet>https://www.murata.com/~/media/webrenewal/support/library/catalog/products/capacitor/mlcc/c02e.ashx?la=en-us</datasheet>
      <fields>
        <field name="DIGIKEY P/N">490-8297-1-ND</field>
        <field name="MANUFACTURER P/N">GRM2195C1H113JA01D</field>
      </fields>
      <libsource lib="Device" part="C" description="Unpolarized capacitor"/>
      <sheetpath names="/" tstamps="/"/>
      <tstamp>5CEE5805</tstamp>
    </comp>
    <comp ref="D2">
      <value>B340A</value>
      <footprint>Diode_SMD:D_SMC</footprint>
      <datasheet>https://www.diodes.com/assets/Datasheets/ds30923.pdf</datasheet>
      <fields>
        <field name="DIGIKEY P/N">B340-FDICT-ND</field>
        <field name="MANUFACTURER">Diodes Incorporated</field>
        <field name="MANUFACTURER P/N">B340-13-F</field>
      </fields>
      <libsource lib="Device" part="D_Schottky_ALT" description="Schottky diode, filled shape"/>
      <sheetpath names="/" tstamps="/"/>
      <tstamp>5CEE6647</tstamp>
    </comp>
    <comp ref="D1">
      <value>B340A</value>
      <footprint>Diode_SMD:D_SMC</footprint>
      <datasheet>https://www.diodes.com/assets/Datasheets/ds30923.pdf</datasheet>
      <fields>
        <field name="DIGIKEY P/N">B340-FDICT-ND</field>
        <field name="MANUFACTURER">Diodes Incorporated</field>
        <field name="MANUFACTURER P/N">B340-13-F</field>
      </fields>
      <libsource lib="Device" part="D_Schottky_ALT" description="Schottky diode, filled shape"/>
      <sheetpath names="/" tstamps="/"/>
      <tstamp>5CEE6FCE</tstamp>
    </comp>
    <comp ref="C4">
      <value>0,1uF</value>
      <footprint>Capacitor_SMD:C_0805_2012Metric</footprint>
      <datasheet>http://www.samsungsem.com/kr/support/product-search/mlcc/__icsFiles/afieldfile/2019/05/10/19-CL03A104KQ3NNNC.pdf</datasheet>
      <fields>
        <field name="DIGIKEY P/N">1276-1013-1-ND</field>
        <field name="MANUFACTURER P/N">CL03A104KQ3NNNC</field>
      </fields>
      <libsource lib="Device" part="C" description="Unpolarized capacitor"/>
      <sheetpath names="/" tstamps="/"/>
      <tstamp>5CEEAA43</tstamp>
    </comp>
    <comp ref="C5">
      <value>1000pF 35V</value>
      <footprint>Capacitor_SMD:C_0805_2012Metric</footprint>
      <datasheet>https://api.kemet.com/component-edge/download/datasheet/C0402C105K9PACTU.pdf</datasheet>
      <fields>
        <field name="DIGIKEY P/N">399-4873-1-ND</field>
        <field name="MANUFACTURER P/N">C0402C105K9PACTU</field>
      </fields>
      <libsource lib="Device" part="C" description="Unpolarized capacitor"/>
      <sheetpath names="/" tstamps="/"/>
      <tstamp>5CEEB01E</tstamp>
    </comp>
    <comp ref="R3">
      <value>29.4K</value>
      <footprint>Resistor_SMD:R_0805_2012Metric</footprint>
      <datasheet>https://industrial.panasonic.com/cdbs/www-data/pdf/RDM0000/AOA0000C307.pdf</datasheet>
      <fields>
        <field name="DIGIKEY P/N">P29.4KDBCT-ND</field>
        <field name="MANUFACTURER P/N">ERA-3AEB2942V</field>
      </fields>
      <libsource lib="Device" part="R" description="Resistor"/>
      <sheetpath names="/" tstamps="/"/>
      <tstamp>5CEEB5EB</tstamp>
    </comp>
    <comp ref="C6">
      <value>47pF 35V</value>
      <footprint>Capacitor_SMD:C_0805_2012Metric</footprint>
      <datasheet>http://www.yageo.com/documents/recent/UPY-GP_NP0_16V-to-50V_16.pdf</datasheet>
      <fields>
        <field name="DIGIKEY P/N">311-1021-1-ND</field>
        <field name="MANUFACTURER P/N">CC0402JRNPO9BN470</field>
      </fields>
      <libsource lib="Device" part="C" description="Unpolarized capacitor"/>
      <sheetpath names="/" tstamps="/"/>
      <tstamp>5CEEB931</tstamp>
    </comp>
    <comp ref="D3">
      <value>B340A</value>
      <footprint>Diode_SMD:D_SMC</footprint>
      <datasheet>https://www.diodes.com/assets/Datasheets/ds30923.pdf</datasheet>
      <fields>
        <field name="DIGIKEY P/N">B340-FDICT-ND</field>
        <field name="MANUFACTURER">Diodes Incorporated</field>
        <field name="MANUFACTURER P/N">B340-13-F</field>
      </fields>
      <libsource lib="Device" part="D_Schottky_ALT" description="Schottky diode, filled shape"/>
      <sheetpath names="/" tstamps="/"/>
      <tstamp>5CEEFF38</tstamp>
    </comp>
    <comp ref="C7">
      <value>100uF 25V</value>
      <footprint>Capacitor_Tantalum_SMD:CP_EIA-7343-43_Kemet-X</footprint>
      <datasheet>https://api.kemet.com/component-edge/download/datasheet/T491X107M025AT.pdf</datasheet>
      <fields>
        <field name="DIGIKEY P/N">399-9749-1-ND</field>
        <field name="MANUFACTURER">KEMET</field>
        <field name="MANUFACTURER P/N">T491X107M025AT</field>
      </fields>
      <libsource lib="Device" part="CP" description="Polarized capacitor"/>
      <sheetpath names="/" tstamps="/"/>
      <tstamp>5CEF0834</tstamp>
    </comp>
    <comp ref="L1">
      <value>15uH</value>
      <footprint>TPS54331:Bourns_SRR1260</footprint>
      <datasheet>https://www.bourns.com/docs/Product-Datasheets/SRR1260.pdf</datasheet>
      <fields>
        <field name="DIGIKEY P/N">SRR1260-150MCT-ND</field>
        <field name="MANUFACTURER">Bourns Inc.</field>
        <field name="MANUFACTURER P/N">SRR1260-150M</field>
      </fields>
      <libsource lib="Device" part="L" description="Inductor"/>
      <sheetpath names="/" tstamps="/"/>
      <tstamp>5CEF1871</tstamp>
    </comp>
    <comp ref="R4">
      <value>10K</value>
      <footprint>Resistor_SMD:R_0805_2012Metric</footprint>
      <datasheet>https://www.ttelectronics.com/TTElectronics/media/ProductFiles/Potentiometers/Datasheets/P090x.pdf</datasheet>
      <fields>
        <field name="DIGIKEY P/N">987-1277-ND</field>
        <field name="MANUFACTURER P/N">P090S-14T20BR10K</field>
      </fields>
      <libsource lib="Device" part="R" description="Resistor"/>
      <sheetpath names="/" tstamps="/"/>
      <tstamp>5CEF2A9C</tstamp>
    </comp>
    <comp ref="J1">
      <value>Barrel_Jack_Switch</value>
      <footprint>TPS54331:Cui_PJ-002A</footprint>
      <datasheet>https://www.cui.com/product/resource/digikeypdf/pj-002a.pdf</datasheet>
      <fields>
        <field name="DIGIKEY P/N">CP-002A-ND</field>
        <field name="MANUFACTURER">CUI Inc.</field>
        <field name="MANUFACTURER P/N">PJ-002A</field>
      </fields>
      <libsource lib="Connector" part="Barrel_Jack_Switch" description="DC Barrel Jack with an internal switch"/>
      <sheetpath names="/" tstamps="/"/>
      <tstamp>5CEF5CD6</tstamp>
    </comp>
    <comp ref="J5">
      <value>Screw_Terminal_01x03</value>
      <footprint>TPS54331:TerminalBlock_bornier-3_P5.08mm</footprint>
      <datasheet>https://www.on-shore.com/wp-content/uploads/OSTTAXX4163.pdf</datasheet>
      <fields>
        <field name="DIGIKEY P/N">ED2581-ND</field>
        <field name="MANUFACTURER P/N">OSTTA034163</field>
      </fields>
      <libsource lib="Connector" part="Screw_Terminal_01x03" description="Generic screw terminal, single row, 01x03, script generated (kicad-library-utils/schlib/autogen/connector/)"/>
      <sheetpath names="/" tstamps="/"/>
      <tstamp>5D0DBF88</tstamp>
    </comp>
    <comp ref="J4">
      <value>Screw_Terminal_01x02</value>
      <footprint>TPS54331:TerminalBlock_bornier-2_P5.08mm</footprint>
      <datasheet>https://www.on-shore.com/wp-content/uploads/OSTTAXX4163.pdf</datasheet>
      <fields>
        <field name="DIGIKEY P/N">ED2580-ND</field>
        <field name="MANUFACTURER P/N">OSTTA024163</field>
      </fields>
      <libsource lib="Connector" part="Screw_Terminal_01x02" description="Generic screw terminal, single row, 01x02, script generated (kicad-library-utils/schlib/autogen/connector/)"/>
      <sheetpath names="/" tstamps="/"/>
      <tstamp>5D0DCA36</tstamp>
    </comp>
    <comp ref="J6">
      <value>Screw_Terminal_01x02</value>
      <footprint>TPS54331:TerminalBlock_bornier-2_P5.08mm</footprint>
      <datasheet>https://www.on-shore.com/wp-content/uploads/OSTTAXX4163.pdf</datasheet>
      <fields>
        <field name="DIGIKEY P/N">ED2580-ND</field>
        <field name="MANUFACTURER P/N">OSTTA024163</field>
      </fields>
      <libsource lib="Connector" part="Screw_Terminal_01x02" description="Generic screw terminal, single row, 01x02, script generated (kicad-library-utils/schlib/autogen/connector/)"/>
      <sheetpath names="/" tstamps="/"/>
      <tstamp>5D0DCE43</tstamp>
    </comp>
    <comp ref="SW1">
      <value>SW_DPDT_x2</value>
      <footprint>TPS54331:TL2203</footprint>
      <datasheet>https://www.e-switch.com/system/asset/product_line/data_sheet/65/TL2201.pdf</datasheet>
      <fields>
        <field name="DIGIKEY P/N">EG6031-ND</field>
        <field name="MANUFACTURER P/N">TL2230EEF140</field>
      </fields>
      <libsource lib="Switch" part="SW_DPDT_x2" description="Switch, dual pole double throw, separate symbols"/>
      <sheetpath names="/" tstamps="/"/>
      <tstamp>5D07D23B</tstamp>
    </comp>
    <comp ref="D5">
      <value>LED_ALT</value>
      <footprint>LED_SMD:LED_0805_2012Metric</footprint>
      <datasheet>https://www.cree.com/led-components/media/documents/ds-XQE.pdf</datasheet>
      <fields>
        <field name="DIGIKEY P/N">XQEGRN-00-0000-000000C01CT-ND</field>
        <field name="MANUFACTURER P/N">XQEGRN-00-0000-000000C01</field>
      </fields>
      <libsource lib="Device" part="LED_ALT" description="Light emitting diode, filled shape"/>
      <sheetpath names="/" tstamps="/"/>
      <tstamp>5D061BE2</tstamp>
    </comp>
    <comp ref="D4">
      <value>LED_ALT</value>
      <footprint>LED_SMD:LED_0805_2012Metric</footprint>
      <datasheet>https://www.cree.com/led-components/media/documents/ds-XQE.pdf</datasheet>
      <fields>
        <field name="DIGIKEY P/N">XQEGRN-00-0000-000000C01CT-ND</field>
        <field name="MANUFACTURER P/N">XQEGRN-00-0000-000000C01</field>
      </fields>
      <libsource lib="Device" part="LED_ALT" description="Light emitting diode, filled shape"/>
      <sheetpath names="/" tstamps="/"/>
      <tstamp>5D0616F1</tstamp>
    </comp>
    <comp ref="R6">
      <value>150k</value>
      <footprint>Resistor_SMD:R_0805_2012Metric</footprint>
      <datasheet>https://industrial.panasonic.com/cdbs/www-data/pdf/RDM0000/AOA0000C307.pdf</datasheet>
      <fields>
        <field name="DIGIKEY P/N">P150DCCT-ND</field>
        <field name="MANUFACTURER P/N">ERA-2AEB151X</field>
      </fields>
      <libsource lib="Device" part="R" description="Resistor"/>
      <sheetpath names="/" tstamps="/"/>
      <tstamp>5D061295</tstamp>
    </comp>
    <comp ref="R5">
      <value>150k</value>
      <footprint>Resistor_SMD:R_0805_2012Metric</footprint>
      <datasheet>https://industrial.panasonic.com/cdbs/www-data/pdf/RDM0000/AOA0000C307.pdf</datasheet>
      <fields>
        <field name="DIGIKEY P/N">P150DCCT-ND</field>
        <field name="MANUFACTURER P/N">ERA-2AEB151X</field>
      </fields>
      <libsource lib="Device" part="R" description="Resistor"/>
      <sheetpath names="/" tstamps="/"/>
      <tstamp>5D0542FC</tstamp>
    </comp>
    <comp ref="H1">
      <value>MountingHole_Pad</value>
      <footprint>TPS54331:MountingHole_3.2mm_M3_Pad_Via</footprint>
      <datasheet>N/A</datasheet>
      <fields>
        <field name="DIGIKEY P/N">N/A</field>
        <field name="MANUFACTURER P/N">N/A</field>
      </fields>
      <libsource lib="Mechanical" part="MountingHole_Pad" description="Mounting Hole with connection"/>
      <sheetpath names="/" tstamps="/"/>
      <tstamp>5D1F027B</tstamp>
    </comp>
    <comp ref="H2">
      <value>MountingHole_Pad</value>
      <footprint>TPS54331:MountingHole_3.2mm_M3_Pad_Via</footprint>
      <datasheet>N/A</datasheet>
      <fields>
        <field name="DIGIKEY P/N">N/A</field>
        <field name="MANUFACTURER P/N">N/A</field>
      </fields>
      <libsource lib="Mechanical" part="MountingHole_Pad" description="Mounting Hole with connection"/>
      <sheetpath names="/" tstamps="/"/>
      <tstamp>5D1F0923</tstamp>
    </comp>
    <comp ref="H3">
      <value>MountingHole_Pad</value>
      <footprint>TPS54331:MountingHole_3.2mm_M3_Pad_Via</footprint>
      <datasheet>N/A</datasheet>
      <fields>
        <field name="DIGIKEY P/N">N/A</field>
        <field name="MANUFACTURER P/N">N/A</field>
      </fields>
      <libsource lib="Mechanical" part="MountingHole_Pad" description="Mounting Hole with connection"/>
      <sheetpath names="/" tstamps="/"/>
      <tstamp>5D1F3887</tstamp>
    </comp>
    <comp ref="H4">
      <value>MountingHole_Pad</value>
      <footprint>TPS54331:MountingHole_3.2mm_M3_Pad_Via</footprint>
      <datasheet>N/A</datasheet>
      <fields>
        <field name="DIGIKEY P/N">N/A</field>
        <field name="MANUFACTURER P/N">N/A</field>
      </fields>
      <libsource lib="Mechanical" part="MountingHole_Pad" description="Mounting Hole with connection"/>
      <sheetpath names="/" tstamps="/"/>
      <tstamp>5D1F3DBF</tstamp>
    </comp>
    <comp ref="J2">
      <value>Conn_02x12_Top_Bottom</value>
      <footprint>TPS54331:Molex_0039281243</footprint>
      <datasheet>https://www.molex.com/pdm_docs/sd/874272402_sd.pdf</datasheet>
      <fields>
        <field name="DIGIKEY P/N">WM4449-ND</field>
        <field name="MANUFACTURER P/N">0874272402</field>
      </fields>
      <libsource lib="Connector_Generic" part="Conn_02x12_Top_Bottom" description="Generic connector, double row, 02x12, top/bottom pin numbering scheme (row 1: 1...pins_per_row, row2: pins_per_row+1 ... num_pins), script generated (kicad-library-utils/schlib/autogen/connector/)"/>
      <sheetpath names="/" tstamps="/"/>
      <tstamp>5CF65035</tstamp>
    </comp>
    <comp ref="Rfb1">
      <value>10K</value>
      <footprint>TPS54331:P160KN</footprint>
      <datasheet>https://www.ttelectronics.com/TTElectronics/media/ProductFiles/Potentiometers/Datasheets/P160.pdf</datasheet>
      <fields>
        <field name="DIGIKEY P/N">987-1659-ND</field>
        <field name="MANUFACTURER">TT Electronics/BI</field>
        <field name="MANUFACTURER P/N">P160KNP-0QC20B100K</field>
      </fields>
      <libsource lib="Device" part="R_POT" description="Potentiometer"/>
      <sheetpath names="/" tstamps="/"/>
      <tstamp>5CEF3A12</tstamp>
    </comp>
    <comp ref="J3">
      <value>Screw_Terminal_01x03</value>
      <footprint>TPS54331:TerminalBlock_bornier-3_P5.08mm</footprint>
      <datasheet>https://www.on-shore.com/wp-content/uploads/OSTTAXX4163.pdf</datasheet>
      <fields>
        <field name="DIGIKEY P/N">ED2581-ND</field>
        <field name="MANUFACTURER P/N">OSTTA034163</field>
      </fields>
      <libsource lib="Connector" part="Screw_Terminal_01x03" description="Generic screw terminal, single row, 01x03, script generated (kicad-library-utils/schlib/autogen/connector/)"/>
      <sheetpath names="/" tstamps="/"/>
      <tstamp>5D0DB96E</tstamp>
    </comp>
  </components>
  <libparts>
    <libpart lib="Connector" part="Barrel_Jack_Switch">
      <description>DC Barrel Jack with an internal switch</description>
      <docs>~</docs>
      <footprints>
        <fp>BarrelJack*</fp>
      </footprints>
      <fields>
        <field name="Reference">J</field>
        <field name="Value">Barrel_Jack_Switch</field>
      </fields>
      <pins>
        <pin num="1" name="~" type="passive"/>
        <pin num="2" name="~" type="passive"/>
        <pin num="3" name="~" type="passive"/>
      </pins>
    </libpart>
    <libpart lib="Connector" part="Screw_Terminal_01x02">
      <description>Generic screw terminal, single row, 01x02, script generated (kicad-library-utils/schlib/autogen/connector/)</description>
      <docs>~</docs>
      <footprints>
        <fp>TerminalBlock*:*</fp>
      </footprints>
      <fields>
        <field name="Reference">J</field>
        <field name="Value">Screw_Terminal_01x02</field>
      </fields>
      <pins>
        <pin num="1" name="Pin_1" type="passive"/>
        <pin num="2" name="Pin_2" type="passive"/>
      </pins>
    </libpart>
    <libpart lib="Connector" part="Screw_Terminal_01x03">
      <description>Generic screw terminal, single row, 01x03, script generated (kicad-library-utils/schlib/autogen/connector/)</description>
      <docs>~</docs>
      <footprints>
        <fp>TerminalBlock*:*</fp>
      </footprints>
      <fields>
        <field name="Reference">J</field>
        <field name="Value">Screw_Terminal_01x03</field>
      </fields>
      <pins>
        <pin num="1" name="Pin_1" type="passive"/>
        <pin num="2" name="Pin_2" type="passive"/>
        <pin num="3" name="Pin_3" type="passive"/>
      </pins>
    </libpart>
    <libpart lib="Connector_Generic" part="Conn_02x12_Top_Bottom">
      <description>Generic connector, double row, 02x12, top/bottom pin numbering scheme (row 1: 1...pins_per_row, row2: pins_per_row+1 ... num_pins), script generated (kicad-library-utils/schlib/autogen/connector/)</description>
      <docs>~</docs>
      <footprints>
        <fp>Connector*:*_2x??_*</fp>
      </footprints>
      <fields>
        <field name="Reference">J</field>
        <field name="Value">Conn_02x12_Top_Bottom</field>
      </fields>
      <pins>
        <pin num="1" name="Pin_1" type="passive"/>
        <pin num="2" name="Pin_2" type="passive"/>
        <pin num="3" name="Pin_3" type="passive"/>
        <pin num="4" name="Pin_4" type="passive"/>
        <pin num="5" name="Pin_5" type="passive"/>
        <pin num="6" name="Pin_6" type="passive"/>
        <pin num="7" name="Pin_7" type="passive"/>
        <pin num="8" name="Pin_8" type="passive"/>
        <pin num="9" name="Pin_9" type="passive"/>
        <pin num="10" name="Pin_10" type="passive"/>
        <pin num="11" name="Pin_11" type="passive"/>
        <pin num="12" name="Pin_12" type="passive"/>
        <pin num="13" name="Pin_13" type="passive"/>
        <pin num="14" name="Pin_14" type="passive"/>
        <pin num="15" name="Pin_15" type="passive"/>
        <pin num="16" name="Pin_16" type="passive"/>
        <pin num="17" name="Pin_17" type="passive"/>
        <pin num="18" name="Pin_18" type="passive"/>
        <pin num="19" name="Pin_19" type="passive"/>
        <pin num="20" name="Pin_20" type="passive"/>
        <pin num="21" name="Pin_21" type="passive"/>
        <pin num="22" name="Pin_22" type="passive"/>
        <pin num="23" name="Pin_23" type="passive"/>
        <pin num="24" name="Pin_24" type="passive"/>
      </pins>
    </libpart>
    <libpart lib="Device" part="C">
      <description>Unpolarized capacitor</description>
      <docs>~</docs>
      <footprints>
        <fp>C_*</fp>
      </footprints>
      <fields>
        <field name="Reference">C</field>
        <field name="Value">C</field>
      </fields>
      <pins>
        <pin num="1" name="~" type="passive"/>
        <pin num="2" name="~" type="passive"/>
      </pins>
    </libpart>
    <libpart lib="Device" part="CP">
      <description>Polarized capacitor</description>
      <docs>~</docs>
      <footprints>
        <fp>CP_*</fp>
      </footprints>
      <fields>
        <field name="Reference">C</field>
        <field name="Value">CP</field>
      </fields>
      <pins>
        <pin num="1" name="~" type="passive"/>
        <pin num="2" name="~" type="passive"/>
      </pins>
    </libpart>
    <libpart lib="Device" part="D_Schottky_ALT">
      <description>Schottky diode, filled shape</description>
      <docs>~</docs>
      <footprints>
        <fp>TO-???*</fp>
        <fp>*_Diode_*</fp>
        <fp>*SingleDiode*</fp>
        <fp>D_*</fp>
      </footprints>
      <fields>
        <field name="Reference">D</field>
        <field name="Value">D_Schottky_ALT</field>
      </fields>
      <pins>
        <pin num="1" name="K" type="passive"/>
        <pin num="2" name="A" type="passive"/>
      </pins>
    </libpart>
    <libpart lib="Device" part="L">
      <description>Inductor</description>
      <docs>~</docs>
      <footprints>
        <fp>Choke_*</fp>
        <fp>*Coil*</fp>
        <fp>Inductor_*</fp>
        <fp>L_*</fp>
      </footprints>
      <fields>
        <field name="Reference">L</field>
        <field name="Value">L</field>
      </fields>
      <pins>
        <pin num="1" name="1" type="passive"/>
        <pin num="2" name="2" type="passive"/>
      </pins>
    </libpart>
    <libpart lib="Device" part="LED_ALT">
      <description>Light emitting diode, filled shape</description>
      <docs>~</docs>
      <footprints>
        <fp>LED*</fp>
        <fp>LED_SMD:*</fp>
        <fp>LED_THT:*</fp>
      </footprints>
      <fields>
        <field name="Reference">D</field>
        <field name="Value">LED_ALT</field>
      </fields>
      <pins>
        <pin num="1" name="K" type="passive"/>
        <pin num="2" name="A" type="passive"/>
      </pins>
    </libpart>
    <libpart lib="Device" part="R">
      <description>Resistor</description>
      <docs>~</docs>
      <footprints>
        <fp>R_*</fp>
      </footprints>
      <fields>
        <field name="Reference">R</field>
        <field name="Value">R</field>
      </fields>
      <pins>
        <pin num="1" name="~" type="passive"/>
        <pin num="2" name="~" type="passive"/>
      </pins>
    </libpart>
    <libpart lib="Device" part="R_POT">
      <description>Potentiometer</description>
      <docs>~</docs>
      <footprints>
        <fp>Potentiometer*</fp>
      </footprints>
      <fields>
        <field name="Reference">RV</field>
        <field name="Value">R_POT</field>
      </fields>
      <pins>
        <pin num="1" name="1" type="passive"/>
        <pin num="2" name="2" type="passive"/>
        <pin num="3" name="3" type="passive"/>
      </pins>
    </libpart>
    <libpart lib="Mechanical" part="MountingHole_Pad">
      <description>Mounting Hole with connection</description>
      <docs>~</docs>
      <footprints>
        <fp>MountingHole*Pad*</fp>
      </footprints>
      <fields>
        <field name="Reference">H</field>
        <field name="Value">MountingHole_Pad</field>
      </fields>
      <pins>
        <pin num="1" name="1" type="input"/>
      </pins>
    </libpart>
    <libpart lib="Switch" part="SW_DPDT_x2">
      <description>Switch, dual pole double throw, separate symbols</description>
      <docs>~</docs>
      <footprints>
        <fp>SW*DPDT*</fp>
      </footprints>
      <fields>
        <field name="Reference">SW</field>
        <field name="Value">SW_DPDT_x2</field>
      </fields>
      <pins>
        <pin num="1" name="A" type="passive"/>
        <pin num="2" name="B" type="passive"/>
        <pin num="3" name="C" type="passive"/>
        <pin num="4" name="A" type="passive"/>
        <pin num="5" name="B" type="passive"/>
        <pin num="6" name="C" type="passive"/>
      </pins>
    </libpart>
    <libpart lib="lib" part="TPS54331">
      <description>TPS54331 3-A, 28-V Input, Step Down DC-DC Converter With Eco-mode™</description>
      <docs>http://www.ti.com/lit/ds/symlink/tps54331.pdf</docs>
      <fields>
        <field name="Reference">U</field>
        <field name="Value">TPS54331</field>
      </fields>
      <pins>
        <pin num="1" name="BOOT" type="output"/>
        <pin num="2" name="VIN" type="power_in"/>
        <pin num="3" name="EN" type="input"/>
        <pin num="4" name="SS" type="input"/>
        <pin num="5" name="VSENSE" type="input"/>
        <pin num="6" name="COMP" type="output"/>
        <pin num="7" name="GND" type="power_in"/>
        <pin num="8" name="PH" type="output"/>
        <pin num="9" name="PAD" type="passive"/>
      </pins>
    </libpart>
  </libparts>
  <libraries>
    <library logical="Connector">
      <uri>C:\Program Files\KiCad\share\kicad\library/Connector.lib</uri>
    </library>
    <library logical="Connector_Generic">
      <uri>C:\Program Files\KiCad\share\kicad\library/Connector_Generic.lib</uri>
    </library>
    <library logical="Device">
      <uri>C:\Program Files\KiCad\share\kicad\library/Device.lib</uri>
    </library>
    <library logical="Mechanical">
      <uri>C:\Program Files\KiCad\share\kicad\library/Mechanical.lib</uri>
    </library>
    <library logical="Switch">
      <uri>C:\Program Files\KiCad\share\kicad\library/Switch.lib</uri>
    </library>
    <library logical="lib">
      <uri>C:\Users\marco\Documents\FACULTAD\SISTEMAS\TRABAJO PRACTICO 2\KICAD PROYECT\TPS54331\TPS54331/lib.lib</uri>
    </library>
  </libraries>
  <nets>
    <net code="1" name="Earth">
      <node ref="H4" pin="1"/>
      <node ref="H3" pin="1"/>
      <node ref="H2" pin="1"/>
      <node ref="H1" pin="1"/>
      <node ref="D4" pin="1"/>
      <node ref="D5" pin="1"/>
      <node ref="Rfb1" pin="3"/>
      <node ref="J2" pin="18"/>
      <node ref="J3" pin="2"/>
      <node ref="J2" pin="5"/>
      <node ref="J2" pin="3"/>
      <node ref="J2" pin="24"/>
      <node ref="J2" pin="19"/>
      <node ref="R3" pin="2"/>
      <node ref="C3" pin="2"/>
      <node ref="R2" pin="2"/>
      <node ref="C2" pin="2"/>
      <node ref="C1" pin="2"/>
      <node ref="U1" pin="9"/>
      <node ref="D3" pin="2"/>
      <node ref="U1" pin="7"/>
      <node ref="C7" pin="2"/>
      <node ref="C6" pin="2"/>
      <node ref="J1" pin="3"/>
      <node ref="J1" pin="2"/>
      <node ref="J2" pin="7"/>
      <node ref="J5" pin="2"/>
      <node ref="J4" pin="2"/>
      <node ref="J6" pin="2"/>
      <node ref="J2" pin="15"/>
      <node ref="J2" pin="17"/>
    </net>
    <net code="2" name="/VOUT">
      <node ref="R4" pin="1"/>
      <node ref="C7" pin="1"/>
      <node ref="J6" pin="1"/>
      <node ref="L1" pin="2"/>
    </net>
    <net code="3" name="-5V">
      <node ref="J5" pin="3"/>
      <node ref="J2" pin="20"/>
    </net>
    <net code="4" name="+5V">
      <node ref="J2" pin="21"/>
      <node ref="J2" pin="22"/>
      <node ref="J2" pin="23"/>
      <node ref="J5" pin="1"/>
      <node ref="J2" pin="4"/>
      <node ref="J2" pin="6"/>
    </net>
    <net code="5" name="-12V">
      <node ref="J3" pin="3"/>
      <node ref="J2" pin="14"/>
    </net>
    <net code="6" name="+12V">
      <node ref="J2" pin="10"/>
      <node ref="D1" pin="2"/>
      <node ref="J3" pin="1"/>
      <node ref="J2" pin="11"/>
    </net>
    <net code="7" name="+3V3">
      <node ref="J2" pin="2"/>
      <node ref="J2" pin="13"/>
      <node ref="J2" pin="12"/>
      <node ref="J2" pin="1"/>
      <node ref="J4" pin="1"/>
    </net>
    <net code="8" name="+24V">
      <node ref="J1" pin="1"/>
      <node ref="D2" pin="2"/>
    </net>
    <net code="9" name="/FeedBack">
      <node ref="R4" pin="2"/>
      <node ref="U1" pin="5"/>
      <node ref="Rfb1" pin="1"/>
      <node ref="Rfb1" pin="2"/>
    </net>
    <net code="10" name="/PS-ON">
      <node ref="SW1" pin="2"/>
      <node ref="J2" pin="16"/>
    </net>
    <net code="11" name="Net-(D5-Pad2)">
      <node ref="R6" pin="1"/>
      <node ref="D5" pin="2"/>
    </net>
    <net code="12" name="/PG">
      <node ref="R5" pin="2"/>
      <node ref="J2" pin="8"/>
    </net>
    <net code="13" name="/STBY">
      <node ref="R6" pin="2"/>
      <node ref="J2" pin="9"/>
    </net>
    <net code="14" name="Net-(SW1-Pad3)">
      <node ref="SW1" pin="3"/>
    </net>
    <net code="15" name="Net-(D4-Pad2)">
      <node ref="R5" pin="1"/>
      <node ref="D4" pin="2"/>
    </net>
    <net code="16" name="Net-(SW1-Pad1)">
      <node ref="SW1" pin="1"/>
    </net>
    <net code="17" name="Net-(C3-Pad1)">
      <node ref="C3" pin="1"/>
      <node ref="U1" pin="4"/>
    </net>
    <net code="18" name="Net-(C5-Pad2)">
      <node ref="C5" pin="2"/>
      <node ref="R3" pin="1"/>
    </net>
    <net code="19" name="/COMP">
      <node ref="C6" pin="1"/>
      <node ref="C5" pin="1"/>
      <node ref="U1" pin="6"/>
    </net>
    <net code="20" name="/PH">
      <node ref="C4" pin="1"/>
      <node ref="L1" pin="1"/>
      <node ref="D3" pin="1"/>
      <node ref="U1" pin="8"/>
    </net>
    <net code="21" name="/EN">
      <node ref="R2" pin="1"/>
      <node ref="R1" pin="2"/>
      <node ref="U1" pin="3"/>
    </net>
    <net code="22" name="/Vin">
      <node ref="D1" pin="1"/>
      <node ref="R1" pin="1"/>
      <node ref="C2" pin="1"/>
      <node ref="U1" pin="2"/>
      <node ref="C1" pin="1"/>
      <node ref="D2" pin="1"/>
    </net>
    <net code="23" name="Net-(C4-Pad2)">
      <node ref="U1" pin="1"/>
      <node ref="C4" pin="2"/>
    </net>
  </nets>
</export>
